{
   "providers":[

     {
        "type":"bitmap",
        "file":"minecraft:icons/coin.png",
        "ascent":10,
        "height":12,
        "chars":[
           "口"
        ]
     },
     {
        "type":"bitmap",
        "file":"minecraft:icons/copper.png",
        "ascent":10,
        "height":12,
        "chars":[
           "回"
        ]
     },
     {
        "type":"bitmap",
        "file":"minecraft:icons/food.png",
        "ascent":10,
        "height":12,
        "chars":[
           "品"
        ]
     },
     {
        "type":"bitmap",
        "file":"minecraft:icons/iron.png",
        "ascent":10,
        "height":12,
        "chars":[
           "唱"
        ]
     },
     {
        "type":"bitmap",
        "file":"minecraft:icons/stone.png",
        "ascent":10,
        "height":12,
        "chars":[
           "识"
        ]
     },
     {
        "type":"bitmap",
        "file":"minecraft:icons/tool.png",
        "ascent":10,
        "height":12,
        "chars":[
           "课"
        ]
     },
     {
        "type":"bitmap",
        "file":"minecraft:icons/wood.png",
        "ascent":10,
        "height":12,
        "chars":[
           "讨"
        ]
     },
     {
        "type":"bitmap",
        "file":"minecraft:icons/hope.png",
        "ascent":10,
        "height":12,
        "chars":[
           "冰"
        ]
     },
     {
        "type":"bitmap",
        "file":"minecraft:ranks/owner.png",
        "ascent":7,
        "height":7,
        "chars":[
           "论"
        ]
     },
     {
        "type":"bitmap",
        "file":"minecraft:ranks/admin.png",
        "ascent":7,
        "height":7,
        "chars":[
           "退"
        ]
     },
     {
        "type":"bitmap",
        "file":"minecraft:ranks/mod.png",
        "ascent":7,
        "height":7,
        "chars":[
           "吗"
        ]
     },
     {
        "type":"bitmap",
        "file":"minecraft:ranks/helper.png",
        "ascent":7,
        "height":7,
        "chars":[
           "哈"
        ]
     },
     {
        "type":"bitmap",
        "file":"minecraft:ranks/member.png",
        "ascent":7,
        "height":7,
        "chars":[
           "边"
        ]
     }
   ]
}
